customer_id,n1,n2,n3
6947294948984042206,-1.1222039790211953,-0.16249700836913653,2.1595306714368503
5962872079141487353,-0.043974014609345455,1.5728421599093987,-0.49388610162449703
5010212512089097060,-0.3896713908077005,-0.10215437041435949,0.29001357406090733
7153936303707832063,0.9973738341325744,0.9375801649318899,0.5629762901229308
5408330302995536743,0.35657745456339346,-1.5570876090665344,1.1228542521583358
7873636529417271002,1.4186432842744625,-0.3141476880720894,0.2149145896309397
3015989485092089348,-0.3622697755104506,0.8066234698942149,0.21203322649568135
3011154178411484958,1.5393694778383304,0.6262047826097306,0.1641669956313999
4496919921473650666,0.4553433643955081,0.4560752852742078,0.04038737916795615
7516924119708446633,-1.2560035579938593,0.5136466472025316,1.925511877318538
145275250938884292,-1.282761722802649,1.5886924143216121,0.5461578961754249
5045710146633203380,0.34563147083064344,0.6646983669578047,-0.8926945693605163
6852250578380232401,1.4016456988090855,-1.252497771823681,1.1011028953106625
8132817290272881532,1.4127527391958061,-0.3696973309004281,-0.158230968048774
2827897158655020224,0.11686604104787322,-0.14483300857655312,1.0374401792424908
5733733973940430351,-1.2441749118805587,1.2380888263354979,0.5235488320990953
8727251869460843661,-1.9652362331142987,-2.5891964726055225,0.7883386646770782
6941900880227449905,0.021637484478199503,-0.8565819493167411,0.31894929867972976
6629160230956855083,0.3879345284900001,0.931568024190671,0.4330829585423901
6969786402857488261,1.1130644751899306,-0.34969904475537034,-0.34423037557472486
5249820802662595162,-0.8877370075398073,0.16973550182551858,-1.4303285215336672
435191034500253416,-0.03848505589726954,0.9407329807340614,1.0676429474317055
1870440947151921072,0.2117687682581426,0.29277360417662257,-0.7609177111167015
521684747514052634,0.6990612649586866,0.484738413706913,-0.6066745670876024
5929126139682019426,-0.1465819088298069,0.23432441509554366,0.9746287262321723
1860317115030295089,1.435513911802707,0.30966997140018976,1.1080549575461467
3523442101469628055,1.0956496965233722,0.5590958241043837,1.3559831426317042
6284488302063901767,-1.8349225695437759,-1.1020294052527426,-0.8031658505794246
1397229612384957818,-1.1733220742899035,0.8814577845990837,-0.9059402869976492
7655156029956113122,0.7425084965465509,0.6233422008104598,0.8804418526437588
1504096483787721077,-0.21074772247880028,1.7667925759052352,-0.7434536991801108
4575224936917073578,0.5210867746333931,0.11183384059776096,-0.26333571798155603
2966931665311113527,-0.3312230165918898,-1.7667023181874588,0.8242597068761606
4656515507257825660,0.4490997963352803,1.1362783775511194,-0.5140895801039577
5152896295706857807,0.6332052437201083,-0.6550568892547877,0.05279718756228081
2771484394201053665,-0.6227414332671435,-0.24080666498659448,-1.0134544752875738
5672052297682466548,-0.728223720999114,-0.5288093720054969,-0.44190857055130917
3218911316403065571,-0.588478474652462,0.30539345203924884,0.8964014957923573
4071373079068780884,-0.33387163763943295,-0.10392849873335824,0.9531031096745779
1593982257510502758,1.8855841214033067,-0.5584910967444902,0.3042084028486391
2008849859101246895,-0.2962423924518671,0.6212536410223067,0.009031738176591586
5393641457846093323,0.9368421585539556,0.19854653975001077,-0.7893629624509785
8112590489404053599,0.96781806695121,-0.626018979054172,-0.3993000391265707
373257197602735088,-0.021813414659548832,1.721662056743669,-0.6620598387713651
5166361414415328891,0.0978785029552362,1.3509569194589939,0.7663511985049382
6986587924683210040,-0.9368726048410696,-0.6479791588575734,2.389860499296993
3569199356092807527,1.3316124901482915,-1.4590140910515599,0.700377329451366
1462268613143971377,-1.1590240883187475,1.018187038721353,-1.5730185334597233
2456529633843381949,-2.0429425025016545,0.6501594505987095,0.32724229673794036
7002224727805290954,0.3741210667247246,0.6498701632795677,1.2959366763661562
5873146764627723045,-0.18222747041620405,-1.1324416804756274,-0.6497831601053148
3536995169203887471,0.4144265528717572,0.2191233298155333,-2.037797245661684
4011056012002319436,-0.599629053294221,0.4508852134947603,-2.06628604583476
6988068637054969473,-1.7035434404285557,0.5176080396463483,0.08083640866347262
6293866933428646251,-2.0622172513192547,-0.27404591482220536,1.7114269055362274
4579658786122797143,-0.24400132524362472,0.3704101273775663,-1.2691783710230091
2506534923608389297,-0.14959305264077685,-0.5028483623368412,-2.1899318215925563
1578192277837749402,1.2071090264080184,-1.218426817685908,-0.7049355372465756
5562992131415131809,0.09413533390726116,0.28761676394355834,1.5777640843999488
9154690447883773571,-0.687684950711623,2.5950851230576277,0.8286102765858241
5440622461659833031,0.06270152420602106,-0.1382314330135383,-1.0094431999115543
5898384615521196396,-0.658802231036206,0.05643076136040918,0.2543546950209832
751345624144043249,0.09282293132562684,-0.7859613359931076,-0.1312287119026589
2839667670639120239,0.6489118777012056,0.6719186801753716,1.4075333319936305
1433230171042989550,-0.32852070811218265,1.9913623146943191,-1.5261262843272028
9129510672674047517,-0.29700064221426736,0.12640313220627758,-1.0934152360229148
97434472488122949,-1.5302691430138025,-0.7729762408755015,-1.195919181369902
3759398965430982170,0.43974788186775743,0.5662628391632171,-1.3499565635916928
8136548707634687684,1.08168095466467,-0.535186999871496,-2.0990730164785596
5079541320637423587,1.0739311726256124,-0.2612545936902395,1.3106796246221748
2132233431415751476,-0.3738279948581843,-0.41761423932708047,0.2530584353377997
1482840743084117260,-0.3027744565200296,-0.8164476580458032,0.35183338544544634
6665767149673844004,-0.4331939305169326,0.580929179067861,1.071868433050092
6182942457177181390,-0.9804641387757888,-0.1811126966746084,1.5687304340942456
5131495045966058876,0.24045979130785877,0.9935259801660741,-0.5828325741364273
925201313403559118,-1.2610255303431273,-0.653069127030895,0.0909430590315017
3308844681974308746,-0.3742207257201659,-0.23439817512851235,-0.28688337171658707
8474773961218262050,-0.15764192003719604,-0.07339928818220967,0.8837494157790003
1471460415396528623,0.30498467581887995,0.4352792783421264,-0.6009005995062239
5600455756167998466,-0.2512850609851519,1.5477886510459864,-0.38343208038813353
739599414373039453,-0.4757526096474664,0.7435823183985328,0.30954546696746393
1517999149127023093,0.7832098774627739,-0.31408663144593435,0.06618234544123523
7567059513827070740,0.2424230012697654,0.8660401256198221,1.01904031641323
5846643958730747201,0.6139818283704733,0.5800630211730254,-0.4243787663373113
390123100710274017,1.355882938109406,-1.08516705914435,-1.27093194241611
7518836538240944172,-0.06235926714173713,-1.3272215387442432,1.3678107154407497
228277849185642940,-1.884187988289027,-0.9439628007986364,0.179986218703194
2820710355520878028,-0.6779593566823204,-1.2306974960076196,-0.8010031640264407
8835803750801323472,1.1406291328519662,-1.1130538320354506,-0.2658422365109821
6431804846662988627,0.30057325742915564,1.192155489733198,0.5418090263736701
5738870080014848858,0.5784391030619785,-1.6577936589165718,-0.038744172725530296
325151279902105399,-0.34672705623598316,-0.48778744626520343,-0.5243341218597013
4535223242391611682,2.512238924031254,0.5259736661466279,0.8133087568512013
5541370614081082928,-0.37331044644506733,-0.006227985954646121,-1.041456510145076
8929886801263050034,-1.038407320102734,0.41791918084991153,0.747258453520414
783795356449922829,-1.8164493163522735,0.5896278789132584,0.26115916055686467
239725520349130316,-0.3095117125178321,0.3343965562715599,-1.2531039540705515
1355228559398927905,0.030328147247813717,-1.0721018288248259,1.105458260795442
962841043940218398,1.3382043152590708,0.9586330238628731,0.45224747269273796
865887175534183258,0.20431293031898928,0.38734875782431827,1.380843589795836
904029999376750372,0.25847055994355245,-1.212533633210124,1.7278491530246063
3723865853821070924,0.957444337993133,-0.9598928059981154,1.7324118447159327
2101491672370973248,1.2226921858224424,-1.0346587335833224,-0.3167794338882387
5696094908480491601,-0.6164157186206646,-1.5989900505062529,0.7483177651312878
6560985473308984461,0.7498336116621613,1.3411054648274743,-0.41272970462127473
2363055558085776573,1.5179889576753027,1.6339236391172942,-0.9502448796480907
523534392446889703,1.4221701708301615,1.149041042206321,-0.13089319616870554
2625416204919974996,0.8306089655707327,-0.13150240667219246,0.1781676072428214
3464384542758192311,-0.769169578018578,-0.03419613259435182,1.3681833885339425
6242056081447487141,-0.20443309888484765,1.3722404320382826,0.5300406164876509
5964526516903184367,-0.0240707572116538,1.5724896912815156,-1.2855221305486735
1884279952799341196,-0.4819713052425374,1.3527749846082044,0.15380186018424521
4879076912640328688,-1.0122907304972735,0.04997059095833441,-0.07205224651958872
6031776870246525438,1.8129161420623516,-0.9975379166501568,-0.9835989174598923
2215635937082685295,0.23726156555218433,0.04871198266985077,-0.5119887305897227
293769540091172632,-0.09065096730706171,1.9829354910163008,-1.111716768790024
7075046130235319276,-0.4807754986049106,0.016012039759714814,-0.665505514042543
8752730288927087387,1.4985032462518368,0.3426922428567743,-2.222725361095274
5881154043297028835,0.6432110685011966,-0.32243673000414175,-1.7630911226166175
8913587159154272210,-0.5117225813959954,0.10462361834428674,-0.6658146772926088
427038124860307598,-0.739952843749359,-0.017364658497615162,0.4937589037448092
7817282135967777579,-1.2316271586009178,0.5132805366051412,-2.02806210314038
8142013710733303882,-1.0984730511417666,-0.3719844621852971,1.4256585159273838
6656478726936555019,-0.20257286875778724,0.8015079509563959,-0.7300080801454827
2356677242900306653,-0.2677517849565299,0.5122389098762054,0.1421401204900969
6848709238853958698,-1.2944578831455142,0.7813371649212763,-0.6247740630034193
7638088556524585113,0.7644100602587376,-0.009667389108183233,0.6043242973612907
6241954441427399962,-0.5046276106748312,0.9850197444097075,-0.6423933040839067
2312341355326339532,-1.0214175541567891,-1.2429776410933238,-0.8132469983286178
3346274475630154883,-1.1944560934925514,0.10857970307581331,-0.20173518757177625
1928331926810041577,0.6408073340529046,0.6075664784326626,0.8153494331799233
8709014658649518143,0.6887397712740826,-0.7162609515840905,0.524110621799345
2477636731718447098,0.6281707295320335,2.2966258031780895,-1.209176334506157
7096582664821461357,0.29366989735649246,-0.5063284553406863,-0.7032980899528445
4255435270188192760,1.5811364262089047,-0.9198460450818697,-0.33362307042624234
3070918163857528047,1.1919752688157945,-0.19462949714800162,-0.0179183126974596
5235409148449028931,-1.0923549245917104,-0.42733122287617686,-0.04417996019084532
199515171369313539,1.365519111162568,-1.5739020927111687,0.3303246775886324
684508127087962069,0.36913759544944014,-0.6638097510072991,0.829503242184279
5632286790270906027,1.4314709506416605,-0.9778345860647606,0.49899561778751145
2332504234711758421,0.9917833849687555,-0.2631522919935546,0.8959026830102893
8746635973971911859,0.127219623804445,-0.6920366452066357,-0.701512564039482
32540863677602640,0.3059292202871875,0.22791853871128487,0.2336183781361928
2130337481717923191,-0.22187727272152918,0.735727916435312,-0.6619903545847818
4144621904908819333,-0.14283814743315978,-0.5513992697595665,-0.6985792127509667
2221503332248073373,1.1632164284896878,0.0436763497281359,-0.5971033814010224
6250766908262593207,-0.9106977099974861,-0.5406942763686656,-0.2485492128273963
8859052692984549514,-0.336795868326044,0.0464115892051627,-1.5800605561056098
4923513851768559008,-0.39577095885722446,1.3122928874752702,0.22966630299714919
1339270100961553297,-1.1457009525614887,-0.18157671986738994,0.3858164237135322
7830471171691075629,-2.2097026235596737,-0.19566553812296097,-0.43512258837184464
6878402413928652854,0.9371173975908313,-0.8219253414052866,0.9228379659339406
5810830543532331839,1.4515643026464353,0.603214496689073,-1.3947781378051682
7432996308278080849,0.11193953770612033,1.2457249773618677,-0.6241074015858985
8477776878592515083,-0.24526961919032209,-1.1917442236988802,0.33475525294824
2127366154591640165,0.5738510567773261,-0.7126873579981583,-0.6687723517909414
4179944991571368894,-1.4426088901412475,0.47888280747783496,-0.043229888246549344
8504408630320356884,1.4432224218223002,0.7540014572753126,0.129300384059994
8535438416217058839,1.0705254276879876,-1.8887773509237225,1.9206187130771868
4984107456369713002,1.5705077832561622,-0.11532152196282942,1.203358724805137
6264949021727823651,0.742457759779915,-0.8134561926979722,2.18502915827177
7838054269269292424,0.4546389641442165,-0.6852425677917037,0.1466637918703096
529240240642142363,-0.5473566258034122,-0.758045153591163,0.5066684753677317
1965598855629776428,-1.5877593546800928,-0.5536210178380755,0.8691401363459502
4568655474171093986,-1.404915079949186,1.073281118827076,1.059218654640684
3866546637575717885,0.2437232304139126,-0.911611561702769,-0.0440250682864385
7738454590337954623,0.6741466865043965,0.3462114582856048,1.2479910215524153
92393951122805210,0.9582768795689451,-1.579762942634054,1.2322839186623955
6207257763150750774,-1.264739383202216,1.3138598699098685,0.5070785514720355
1194435448909616788,-2.1890283726668485,0.05494909745803893,-0.6026946666551112
6825309599621744805,1.0661130943483832,0.8822828859138223,0.07533010148100508
3656196628022270427,0.9178520771575153,0.3469146773837709,1.0160027120760176
548291259127389502,-0.35277869824921115,0.5385983447460424,1.1660738755469044
2843164274400639275,0.8846297061871397,1.8602868559496288,0.5487714661387714
3785638593297127916,1.7388951226269331,-0.8910000513962612,0.6145905449009936
211346032828269182,-1.6491517561659867,-0.17703194805578676,0.2858322431954789
456387328841800734,1.7153803825025429,-0.8631184037424219,-0.10927344579191894
9122537249020429150,0.7006920639046563,-0.8228787509491633,-1.024448804549788
4963934233249057446,-1.0225604729617912,-0.2576208521402986,-1.7740505720314201
7652597720515750876,0.017025766274810054,0.12498946054320284,0.21241152236612773
2850640355021763097,0.20870071978184804,-0.6969233901013994,0.32774356658120746
7206266090765049520,0.33488605260497306,0.6691633764518261,0.0685729765308363
5350849421747331575,0.6822603992694446,-0.665749611555767,-0.38631154328998135
2596122557874757216,0.6121566789321513,0.25519082023802364,1.2938030800492044
6058071632419072870,-0.18542671749229933,0.04923587462138421,1.242719923467589
7867085967290931683,0.04249622785566728,0.004045211042263662,-1.9319315322922885
2724116237856889428,-0.33967677171516625,0.17050840224644315,1.283336496159573
4005043520019480329,0.8131914951135238,-0.08181125309892963,-0.05621751084860458
1316914977235633318,0.4979012769811085,1.3663067608186894,0.01615716671658473
2664834039177822652,1.5553316898341436,0.717630378771663,2.790340853220832
3375616969150768006,0.030924591217521506,-0.23095985511250627,0.24907444373812698
4792564103114690369,-1.5652770322583291,1.5588637542248314,0.05147435726427391
8443163124618299023,3.007679473291212,0.7323936583372457,1.1349878524763186
8442924023608843245,-0.3198815953566314,0.4300575089303801,-0.82697686285319
5167606002444834819,0.8573651282013048,0.759559137009653,-1.2593777930185417
7358554832729396802,2.340730057194973,1.163202442898927,-1.9361168613169302
2894071218937907509,-0.44778610197358176,0.0663261308417849,0.8444390570523089
3165880533407669609,0.9029512060180679,-0.40519130353451344,0.8086231663385068
8138941690705307850,-0.48823053860393756,0.6239057725329251,1.2083163374767496
4769735661743393376,-0.9620731704018539,0.05536612753005024,-0.5063555460144618
4926530507567979749,0.3789964404662973,1.9182582696409558,-0.9900827039101999
8668617362275551031,-0.33454871696414834,1.6020742241043415,0.1433042010195314
3460632592323279331,-0.07101147992762807,1.7591429535175744,-1.7627886200669338
4305678539511069144,-0.6178041085862545,0.869135958797053,-1.4823889369600587
7102538748245559282,-0.20180808348243554,0.8008694276885545,-0.2557450855675428
1152565345916801848,-0.36554451057064774,0.17323018658619657,-0.30663745179941077
310692279921322986,1.2701249370862036,-0.33499633240009596,0.5219517875503442
298231972896216762,-0.41707236406523873,-1.3746275712751646,-0.5801878042434597
4175037793590392042,0.8006242550628756,-0.9252566452018599,-0.2493606722574505
5785874638537361524,-0.18039202718972655,-0.43062766405257646,0.4064296904898597
2234351912539340079,-0.09658587801653697,-0.5839980250209252,0.8460484058061122
3926217328324181492,-1.186530964176558,1.1123310317338417,1.6614337083990625
4927573962882539627,-2.13028966188628,0.7764608406528088,-0.29221248605224576
7293094658122058323,-1.527973895254227,0.5831447935738254,1.1257418902242249
986381570231116058,-0.22749887696655743,-0.1438448884950393,0.09331713682193284
8314129044862129551,-2.4388555661866715,-1.190344695324975,-0.01703469579278581
1500777132136417760,-1.5026506226564786,-0.3614912663668435,-0.04568831029548977
8288260161913346562,0.3829823698735701,1.6406178086263268,-0.42387033452689854
197825583542550413,-1.289845756176693,1.4320970212195712,-0.9216053577700289
7234702273147739011,0.08867916122883764,0.023452456572071127,-1.0530165764707018
5908524829422886293,-0.4023731511811444,0.5846734769843338,-0.8400432278091866
3200722529224291952,0.6445269671711975,1.0728610971594201,-0.5042300797127376
540201631872843494,0.9093967483099257,0.6651791025648068,0.39125402204550813
2353340777880581574,-0.4095879889475842,0.007500328605703068,0.7493811631660481
8719730082289652512,-0.640791406084111,0.4119335841627181,1.0401639026508942
6535848758298530023,-1.3265509254272008,1.2494621215812787,-0.5540045748745647
6677623112966631212,-0.5053734874303,0.246073942238291,-0.45670813584692627
813852113482340144,0.13495330149125068,-1.462075657584111,-1.0224537070492121
6928241213304462151,-0.3226724025850707,1.48410995847805,0.6841551995950229
9093846310002837666,-0.16086531344186056,0.5827501558619657,-1.6339688560447534
2176519320049965890,-0.5514447227050017,1.7408725183177796,0.7534913691594911
2256276125572364385,-0.20236530870566777,1.2801407138953322,0.32445958192436264
2280755039398681239,0.8030519595884915,1.3102425453460156,1.9618922440964668
7687540966149848146,-0.00830634996028478,-1.5668264232073292,-0.49143034171310135
4475642352312057755,-0.179197781531851,-0.044431595675428016,0.1006733336168406
2161744767565897929,-0.5023068671968818,0.2449477158313843,-0.5029136640011266
1050572511820413779,-0.415994507801812,-1.48587852929567,0.8545235594166484
5628262126102299312,-0.9352096112219639,2.2193206284436835,0.004760430651925926
8119070791532990041,0.43314097344646846,0.6973958735816005,1.0978693757896296
1931634335904485876,-0.26300031734493745,-3.4924107110154274,-0.04474822718381397
7937156739186401334,-0.07536089533312053,-0.24430134800818618,-0.10794066795685597
1120616145430956643,-1.0564788199682587,0.07913056826215174,2.8263559274435615
1857956940381812825,0.7935944135055238,-0.22425997588678995,-0.5494177158514864
6958576219874926176,-0.70174033593096,1.4386228695246808,-0.7444606470024921
8456448478579415610,1.0158453882775844,1.2746574311470973,-1.296986415424851
1249314806944231900,-0.9231454425820539,0.16302098675568444,-1.518600701320103
2895454361805607363,1.0097669312226851,-1.6325971315839156,0.2490825448272596
2350957815659079176,-0.7700559153668066,-0.6803413242709045,-0.15428856964554807
2128268224473487509,1.5526748882348456,2.3899463677067487,-1.509700501609025
5647675585948912714,0.5802183646297399,-1.12891585849439,-0.6433421259963215
5094529415820776929,0.5279453679132942,-1.7711760369800282,-0.4372553397731171
5493683667823009056,0.7231055269326795,1.237306890669939,-0.4714467486515033
87229473435538238,1.6258223446610534,-0.0791450761964209,1.3464499572563937
973831901339376572,-0.9008819496437797,-0.5171092168148946,0.7839057420304895
1960598741756821364,-0.2714308577334294,0.4491952491564435,0.1833882366211491
2739422360541178329,-0.136522907231057,-1.9919935963605973,-0.9194891417638518
5125448025521643597,-0.2076135146320215,0.10860994377491272,1.3554601784299891
7015792690045435472,-1.829878786953992,0.01290286366778971,0.2554672056072541
6781501467376427137,0.35532344549856376,1.8327592031952045,-1.2259598814892183
4847489910092629739,0.2879161938422556,0.9529627307610944,-1.8434159918528839
3497068748127916699,-0.014682106489387382,0.8929663238047757,1.1988086894869223
4200593729602382522,-0.27416522553676176,-1.3758761969999427,0.4295539022706608
4735269955825898112,-1.131534257284808,0.7099840547300031,-1.2683425162481372
8409126220519400519,-1.29587176893959,-0.8590635868146133,-0.50647693782696
6081255442230312352,-0.23626801258188995,1.1104927696564608,-0.5833790762552002
8658228095458130535,0.3722332844299549,-1.3324058237162508,-0.49790653736792184
7163237845978837884,-1.50320470271066,-0.8641465398953233,0.37843202206852433
786494957400411303,-0.39720114290092357,-0.45536899285335053,-0.39101176944108934
1994431784955776090,-0.4119133997906952,1.202854316422334,-0.7593204856991849
6673257314240671044,0.07311364783056169,-1.506421313601875,-0.4987513053455464
2019074768460369390,1.7215339774297347,0.2068205077682447,0.5399816688944723
224348937143697279,0.4364903802244785,0.5135146513656659,0.24642219606836294
3634851617692735770,-1.6999078080239574,-1.0723078032614959,-0.3273440431761129
1530289758868613395,0.0323572748312473,0.06763706441929976,0.3685402608491917
432932557806120594,-1.7103573507110332,-0.4632276923874681,-1.3441437365319306
9209444461524300959,-0.5262430531122454,-0.5289415449278508,-0.6689371028489441
2233853396714175879,-1.2780478721939732,1.6212026385589258,0.3964591472727319
5607777612264254256,-0.18753056734476753,0.23541407061802233,-1.248941491089905
4353219314589675775,-0.540616242950972,-2.369683691538143,-3.11899126268725
331846786604368568,1.0281512162829842,-1.5715357401428032,-1.6355533512682126
4526628130079569536,-0.2336572041417271,-1.465930823573888,-1.11039498999474
24992485629745961,0.8325887519012737,-0.8413335353207648,1.160686325455773
3888226651938226959,0.5707016377286139,-0.2354096242308268,1.623555771356698
9091900466981942163,-0.3258003052036212,-0.5152108367877565,0.05588136544427822
5845686513698001261,0.006742367485883745,1.22289760114372,-0.027222145334858987
2276844294012626456,0.9444780926095916,0.11469653637015322,1.4182929439289764
8135455073916596299,0.8207127147820654,-0.30376758381299107,0.9865838605779526
5274640426902002085,-1.1102312230889835,-0.16183915594684886,-1.28399478180713
7054568050418831268,-1.0030031770228924,0.3859623426388732,-0.06113208819384481
5088766985388519816,-0.8535177945861712,-0.4100282541911607,0.4137686605540353
3662035110335562763,1.5335172279038607,2.4070408299264905,-1.398608013911556
8738166057167914364,-0.8177140215583385,-0.34991219793067824,-1.7040118736849372
7962417085102265879,-0.31393346921895554,0.6954881591217603,-0.1633302268006832
6001752687512370252,-0.1922977661409744,-2.0210749850111416,-0.36437462095586065
5214475456305484615,0.8753830358726311,-0.4484647416159994,0.42035868780935015
1067853526041679942,0.9757341628161657,0.9785976344344661,0.4491016601950831
3723667288098386805,-0.6195194460578023,0.45728835537440404,0.2667866163809518
6967903070062752890,-0.5737245629214726,0.21397233145878372,0.45884653033051864
2325796564955280068,-1.371497195797761,0.33361948928563673,-1.3153680101142406
8774815371024349676,1.2408473333731525,1.0743010921296703,-0.8919376608283466
3880179603290101849,-1.4648532843839417,-0.9695181920081368,-2.317761262591436
3399233782924980096,0.041462372710641966,-0.3497691037817651,2.3284246413575533
2182738339160415571,-0.46382374938288046,0.28227761108116695,0.32294697775843634
5776806997184773941,2.7292844768290343,1.1107480212855871,-0.858272178246603
7428971091642497837,1.387361103257635,0.5936687871189513,0.4737525825471244
6362776282231561241,-0.8393301576535348,-0.03132736713090551,1.4003673576968159
474582507136616158,1.1407008469549005,-0.022264172423860876,-0.36366675139496035
8108615830807114552,-1.0890898056041889,0.836126169489567,0.25327586070082014
4930047679370176961,-0.535904893233808,-0.6315281310029988,1.5969337880335228
7041906849697396352,1.1566514687447755,-0.6367201088373513,-0.32446257504545123
8691245765432051089,-0.2571524259234254,-0.4223815983503456,-0.7454304630860173
5141787152161595620,-0.6722231330664703,1.4740507375650538,-0.28810874759086774
4876803730126112009,1.350190547717904,0.8077396064116547,2.8674728445819757
2445958270941633281,-0.4437063691997936,-1.602427041260117,-2.0919231765114565
4412450825146792916,1.320802114978155,2.1228925367075475,-0.6689244716128993
5048124497631020465,-0.9494975191275256,-1.6313844822276573,0.49133654809718347
786526111962977298,0.23110216947465637,0.437349569966755,1.436841150117791
1203635736710647579,-0.45642511021599214,-1.2242326108792316,-0.1638862588002808
3218416170059555434,0.23041784628691658,-2.1395600136736257,-0.9717708961777528
7602490913300692562,-0.1714554294802718,0.09146754447495145,-0.9030204413132099
7704099565391402334,-1.753736796786131,-1.1928874980850903,-0.6274097854853175
4203168190226462723,-0.23692733552122272,2.116539620966345,0.4295067121815551
677746783515008497,-0.8957540735055554,0.016122958116070837,-0.6868019903230196
7116425818163188560,1.0334144825532587,0.41535603861046033,-0.4304722370181148
7095757428452379624,0.3409298073445845,0.276784942647654,-0.27200782819649316
5243477011169004828,-0.22291250299293155,0.4186662835524357,0.2684512684539765
1600069459554776219,1.6405490187630698,1.3071431142265402,0.4387241769211686
1891798584214217261,-1.4338144282863665,0.15523640637658417,-0.0630262919225348
601321618313109668,1.1239003769437697,-0.8324475856496824,-0.36406690322746676
991198970679621336,-0.5469338127189041,-0.09887875098454996,1.5866695500870256
8565300513334585641,-1.1188249355057465,1.394137662595577,-0.23921594525280704
6540033537864525138,1.0389079684989435,0.6151295666096832,-0.7605624318410003
3304259269627361922,-0.5387416121597799,-1.1443666015606095,-0.7889565440380314
761455976504805288,-0.9373008957090216,-0.6434568977279149,-0.39342161378097146
6506326669570512382,0.9083020773421229,0.9049820532724907,0.27420739656257176
6432284636358096767,-0.1850921413228806,1.1335357977079263,-0.8394543783862796
5231387669046114212,-0.1711599925608717,0.27964444084989165,0.5894181014619362
6996205226522124857,0.2427593087025491,-0.27288340758958257,-0.14211079865903936
6527195926729730390,1.1256365938226667,-0.5356697619632759,-3.098132882384283
3541933237024016626,-0.8700378169749171,-1.9306086694381346,-0.6854087779625954
4746612010984802514,0.6521110794162979,0.3715122434037268,0.460835061036716
9190739216861093852,-0.09666641899543914,1.0651030279236955,-0.6552124949664648
8275284726250415002,-0.20281018605319417,0.43645455072870654,-1.1879586879627333
3949481847211569041,-1.1526494824638596,1.3118024403033737,-0.7515460914695711
8651685765711208258,0.34133080749959244,0.8926160215549378,-1.5054552627587108
5045122879184249718,-1.6875833473011517,-0.7642188285388979,-0.5064931143653136
1845743172430798672,-0.07698582065793824,0.06477246114630966,-1.0483048863864346
446810326344114965,-0.09578969023742852,0.19306690377661614,-1.1262403045885874
1131126076163327308,0.3277881212592185,-0.9445925372111417,-0.27316997707224
2126172409932821711,0.4056405124695773,0.18431980351068775,0.41574677908574365
961559181826430835,-0.217637899613694,1.6770046878927263,-0.7238467905951149
555212147875166505,1.555963873190433,0.3867848085859856,0.9414797966066708
5534766397406214908,-1.1973339638214955,1.7164187657962533,-1.9083221194154183
170967508956957265,-0.2561229724759712,0.851675774079093,1.1411663601068938
1912062826505543194,-0.5065989777877208,1.8554823310915871,0.05087140086985188
1852025293704011028,-0.9924566688391494,-0.9934386992359598,-0.309018293252927
8083786889014172585,-0.2654882704444391,0.12115840729777211,-0.3909984620724749
2120640558951077708,-0.2743805315601162,0.33324211583555924,-0.6768612607594695
6581517980395940135,-0.6416443939804592,-0.22971489925355215,0.2715219718485213
2216642435444953335,1.6247307634091008,0.13572705088967182,0.16157947653175886
8991584444268740111,-1.482909902762952,-1.2936731218041786,0.06758282182044506
5823405113374743794,1.564613397517026,0.36016290959963987,-1.2713164702867352
863496963714619752,-0.5285644285617053,0.5582789762755729,-0.2645508203463218
5189308551633441893,-0.5354890778498858,1.1148141737396677,1.9313112511610244
6888763950066333275,-0.41583781361105726,-1.1982492091448966,1.9842571785292191
3132405751536870413,-1.5290706956108393,2.409124710307009,0.7369871393790377
4578183307899394507,1.584318974778549,-1.0080299011837865,-1.0497815908486048
3830453896334789774,0.9318174512385516,0.38342223280707066,-1.1428040215203852
3225687801082618180,-2.4595198203189947,0.5108708559545392,0.07295893292755555
354461866584564811,-0.7431934303239386,0.4580757501371848,-1.0538055043587768
7935867160364460550,0.7184939848772839,-0.4883811101552845,-1.0067577905992482
6940865406861898057,-0.754306347162924,-0.4489546756913605,0.7890518159746917
8656472382232265659,0.12652557983730436,-0.803351134008091,0.9591734329426912
1549796511850458563,-1.18338990646332,1.004779132728811,0.5490226872218371
6444949890951618743,0.03916024665561983,0.2763189726695132,-0.7984716624899786
8921041907501839814,-0.7889661116435183,1.5800368805151752,-0.3087625103519781
747263551040692329,-0.42611968762077396,0.5657335895148782,0.9078542987333683
5778187990253470327,-1.661466399712533,0.5194153202624789,-0.5846621792245729
5146083047282192237,0.12390634783094925,1.773700907645125,1.377306409097508
5809313113188141375,-0.9116670928997046,-1.6858950367674348,0.5873367120562822
1518599269624395037,-1.6581709532579563,-0.6645706670446068,-1.6812212969562048
4782875855004100994,0.822429762938019,-0.6356643350464389,0.381915011900655
1597787497060041781,0.5666740416407832,3.5895250249911435,-0.13239653330502066
3397504013969138609,-0.9496389808241726,-1.3005536543547143,1.5474588719842302
49092013436687640,-0.1488012114044375,-2.4451670771362606,0.8251653249728756
6859596704569572305,-1.1585917544829993,-0.2580121978726246,0.9084828937949846
2768779572815617668,-0.9324771373154499,-0.14599513037949155,-2.0555646913289807
394345042449623591,0.7842877237228557,-0.4358951617818925,-0.5500146821814818
4864786596982743584,-0.3294599357175315,0.39500894965263517,0.8738305679221317
5208502965374591561,-1.6518756413744364,-0.9672068444281382,-0.030496394036377675
2913443684955755735,0.6469172638996076,-0.1844849700802046,-0.19358323283900114
4748514162364641457,-0.18404745526128855,0.2725326802690844,-0.1751311846759725
2096234574317346828,0.5379956307598797,-0.9597240761308792,1.259330696011074
312040622572499508,0.1276382449770815,0.6448257888518775,-1.821489232191098
427369230624197518,0.6074508249807051,-0.6789512050391495,-2.1990247134466743
1487069515432561965,-1.02749338807096,-0.25108578369601386,-0.5301226814338997
6350908347093835791,-1.1625848035320363,-1.2843591040836915,-0.8697712978220803
6651462335526419217,0.6898283155160007,-0.6459411442537122,1.2693819766265877
2995043417556835504,0.4595163291556523,-0.39362132888616674,1.0010477703658345
8163263888369471273,0.3919161250828518,1.765266230548502,-0.20539067772038028
6974020646191868987,0.08249725667644718,-0.4343274578189695,1.1566494542329817
1522276681755136553,0.6458836149791083,1.358450432647792,1.1803767537939285
8875370660475117749,0.4979041847465024,-1.1697919892701554,-0.3432874166552232
2383600487548066310,-0.8490018412048824,-1.275594661809126,-0.5743160232636184
7611358345415276790,-0.5804047343063076,-1.3522764705649837,0.6665651444412121
3584065995711721026,0.03491573532149942,-1.4315553932236595,-0.9543653205880908
1466131911108235860,-0.004400345014639068,1.5016574438341328,0.10943357052494386
3233075558293806922,1.2643480577757262,0.4775289307893762,0.1134054740688404
6318985181004451912,0.885421391964369,1.6333535388145326,0.31827336334889533
1166207341408054091,-1.0592235475906202,0.3289276742049922,0.46286110246680595
4131837108658662503,-0.15498709821893716,-1.6119042304140276,0.8717522647673062
7303723637779696204,1.1684731236865502,-0.5348844960239643,-0.8628120240232503
8344455116642498128,0.4496181419627938,-0.0614072793070899,0.8901827012535053
2039951126444923266,1.1370286991108463,0.3159107241555357,1.3645558250357126
7762014290546525841,-0.23385242297192924,-0.05996727508153517,-2.293422218803396
7173669269672756182,-0.7206315614382329,-0.08577219677505908,0.29826897951646936
6942473767115658899,2.446542257094024,-0.838233646566369,0.09261591716308025
291297279496276887,1.8878839932440894,-0.553042063264537,0.17428137197654148
8226966517594584411,0.4823707431055121,-0.8186747698012855,0.6952470632495857
7678621867058861017,0.06936196856207624,0.12202988795211613,-1.1496861519953365
5039189402672462598,-1.3859513087842077,0.9848069222913406,-1.010636578334179
8766949869060292623,0.7617687734575048,-0.8592872761468761,1.6006046378824943
3565469541615679993,0.6898013434098952,-0.03299449608423816,-0.36675104117508517
8511680340251344412,1.8114353227661892,0.36667501978562783,-1.9243344250612413
2927439729053885269,1.7859139245689828,-0.7305531300536616,-0.40940563478775405
2119797184121655763,3.345723369517112,-0.45062777128760123,1.9065411871066176
7744304581714086358,-0.6291603364253214,-1.836238460214914,-0.23181575834971815
8724388691831407829,0.3509040508343962,-1.295380494627195,-1.1741691225368203
5234149518175840776,0.09402851024585032,0.3646465760024703,0.6165006365550133
1556483198580920595,0.3454129622782787,-0.3929362454751685,-0.8327309708584966
5427848848210878585,1.4106613074368208,-0.5259776965800131,0.058136426029792236
8621897004585409294,1.81430550573871,-0.1881284998868952,0.870065811230402
2734059562666249506,0.3487093038917645,-0.6814221390984667,-1.774691809504498
4341238166256612818,-2.44358397179552,-0.15758654663033614,-0.7285770042273592
8787885804076937653,-1.1675246971424234,1.2145977558559158,1.7965138289660305
9109227497718571739,1.5815349776078018,-0.7490466569049007,-1.2522717396256582
7530141906071166077,1.0924147707151546,0.6575726385763804,-0.44228901178692803
1293331073252239561,0.23538891959170133,2.396479067933007,-1.0959493902894648
2234994983023378910,1.6214147305683626,1.2006389821666013,0.9325789244430895
7058626613872705045,0.36119942959830326,1.6501527088873322,-1.7206889263027771
1901905063239102878,-0.2446953863590687,1.0216256427695014,1.232597482703353
4061062571414237494,0.3116591069654254,0.29309638369012836,1.1301618519950107
8223598669684413206,0.5655735199516894,-0.4407481932789408,0.6026888097738989
4032151080351263069,0.7912235921111777,-0.2252292116815265,-0.09622237258006676
8485439480672948065,-0.7508419780672233,2.0065224348644186,-0.8909586223161917
2217495132669348151,-1.3415551095227156,0.37995484917741473,1.0500707464570143
2111707306156112647,-0.8210626671612303,-0.046614991038943974,0.07499987617354241
2011696565950645662,0.49939120790104535,-0.36607552858848186,-0.3435249906893764
2565640740389336436,0.35447597497891153,-1.522438814018584,-0.7725356541190025
1627689029728959304,0.9074069301518949,0.758109110517672,-0.028134283584849522
2830927531844033631,1.6404980098822675,-1.2550919137677332,0.40491504120299376
5398153940141080522,-0.6236019521359408,2.399651508308961,0.8325235741348097
5804950504936160774,1.7271044465230374,0.47601178839351993,0.8943362405365247
6717709551943120717,-1.8598844111042965,1.0161448664931856,1.599113122365234
1944737400686163107,-1.3004274986258904,0.5287059891606167,0.26856785688160617
1142849250232634293,-1.1680411575637089,-0.89844306473363,-0.281563744417345
435841437835431234,1.4511923687484087,-0.438157268443567,-0.6266787064909278
3409595460992860095,0.5768894793955542,1.7654041377915255,-0.3622431582738548
2877764058893478440,-0.9432535671279971,0.01626883346285615,-0.4960227252693068
7091541520435884960,1.0830274260877537,1.1120426403676587,0.9065196642221672
4272389551588263474,-1.057812947427238,0.8563053877628666,0.5095884340180733
5037922406816242586,-0.7625620813377973,1.6929217284576477,-0.4674132524119553
6682543649916943773,-1.9276355548260857,-0.8287281773781502,-0.5971441271883056
1384725599763851947,1.7647064557216092,0.17100119583717152,-0.2809831954439823
3387216472451672449,-1.5528260022960942,1.0191385948708278,0.1867527291794068
1215051951814392420,-0.592029036628675,0.8282753144449296,0.4290052439224746
5213879778675387933,1.1546499674901054,1.1466920897132404,0.8746680084319616
5918693119574618101,-1.146924619890508,1.5057314545349874,1.4683949215227945
7533068148992966452,-0.5893374664058498,-1.3099873798309354,-0.9738563815916127
4148023767647940686,-0.13284362757475937,0.9758693918524806,-1.11991908659347
8743473178552634423,-2.1027485412117395,0.7274353940695353,0.7451433697254208
8899669107749364232,0.9415486066882431,0.16436283180748404,0.5170978837434637
1421796557550805955,-1.368790578419863,1.326202728101179,-0.12507440007010667
1969894659566762936,0.4727660067392486,-0.8891772423511801,-1.4021620399411443
7358275938408307537,0.7630609292718897,-0.8533416668437207,-1.16440995261312
4953469029389263569,-0.31245665970446146,-2.0902317006437867,-0.8845588703946071
8572720552491069235,1.7365517958349794,-0.94019244141006,2.2660168222299335
5552057426794209673,0.7602885125230737,-1.273342088918155,2.169114283111929
4570951828972219823,0.9138622098389244,-1.0018332983081644,-0.9772169898002424
7480334162426301999,-1.459055232039266,0.4147866815089361,0.806164275270841
1029475634380149529,0.29356924953393976,-1.0296429920257595,-0.5452065676748187
3499209548512161910,0.18726087732326507,-0.34126874850667505,-1.3691388351108293
3794566445962603872,-2.5182281043695953,0.055612208654964704,-0.9186402570589534
660598570537458286,-0.7434954279784014,0.18437555691930205,-0.1592538391855633
450836461844332927,1.455716935702347,-0.015262821039380085,0.28816050775874136
1220188512636860505,0.03347670330070754,0.7455863568759925,0.6765651913007834
921326709170506243,-0.2651206618084777,0.7169385953300327,-0.1459231626587573
8343845001615772770,0.2379952041207856,0.28477231937715175,0.38793832567356323
8847756967183252499,0.28499511054620164,-0.8743193894976969,0.21092030040887247
5921767169297659465,2.2625564706249097,0.7518382662440076,-1.968775455042123
2805194681346898975,-1.6509903786285898,0.6257190416215328,0.7020755978626325
8572802259657912568,-1.320201481050043,0.6101445760627326,-0.39849025149264794
6085744983354122849,1.1527639190430374,-0.10105201300112578,1.0031591431807152
9128608263263297843,0.00580023742714822,-0.24901434855030496,-0.0073160158444580395
503834178055780765,-0.5597404867496809,0.6294739624327561,0.023380388614030325
758936405975262101,0.6849540684958382,-0.8040700314908659,-0.00024764496436865415
2753415830548438520,0.5538609765924302,0.28635966209451824,-0.23714913664762616
7644939647104668834,-0.6348364919856136,-0.054345868492716554,-0.28691437961385385
2133187507267437654,-0.40415936328670177,-0.35587685219636406,0.08925164899643942
6564583477949035142,-1.6176295434512415,-0.3425789255276051,-1.3628560692408003
2558065516704900371,-0.9149667697587519,-0.2433081568644318,1.7073843741683536
6618920331613995364,0.3647052296170633,-0.4557386385715669,-0.1418713566925954
1626133913707968393,-0.11652435897635528,0.8653729241985246,-0.25482318279367816
612369798825907341,-0.24885240457442293,-0.33845307527591334,-0.9082914000891547
7997344482937960406,1.9011490373745215,-0.9369453234306868,0.5424784908449473
3827190102500272645,-1.383419609075225,1.0866529431139476,0.9050367430928157
6943629342824903580,0.4162270357283363,1.7862934464440436,-1.849972493922537
3566367775098300937,-0.15454289041349717,-1.5224468656756225,-1.053313661552702
4277595420062953421,-0.6473023790969223,-0.7932770620630013,0.10135585407834864
5969670402089015309,0.8133094290025713,0.14186253766389614,0.7088007181774318
162541306058609763,-0.8950596887012382,0.8489388536048199,0.010123775968006132
8102291203110615140,0.475949326959715,0.20880804441219894,2.1198562641002154
1153116122959147162,-1.3665442533430951,0.46841236486480664,-0.7150208502989338
8394172255844316519,0.4081151879375383,-0.15707098276255457,-0.9091623129396538
5533367449288416868,-0.28669374221331323,-0.8948841678047552,0.5535015444906838
6466266079977489687,-1.0463994892548985,-0.8038825253672309,1.3510673430135196
7542050192897508044,0.8513441403130723,-1.1289732407959232,1.996932983904598
790196562174057367,-1.0479066005251814,-1.873182100111177,-1.2197493064942142
727704557503521043,-0.37897448822335766,-1.238988627298732,-1.1877586998423468
5714041042965510185,0.7756431502587079,-1.3695977877349768,-2.015602147908986
8013757299871979135,-1.665579213551309,1.0185389257513973,-1.5458816803221769
5332416346246144838,-0.008782450388302224,1.5536704768386311,1.78570560953017
7965880325436384126,-0.2476655783769134,0.03179957362954484,-0.08216859455245525
783530787545010588,-0.6626558690745094,1.1747644141243798,0.027167560392961268
8748084232669191048,0.864098520159759,1.3128475354599294,-1.4732723020473943
8170900131138675674,0.8825874424403987,-2.5429491085281453,0.4704968156547189
3087501478981473456,2.063514470776373,-0.9953181755476541,-0.2241377313658089
8083740959550796733,0.914001950504643,0.25885676757928566,-0.1915896765796865
6889897084611335989,0.48461035284713216,-1.0078887748707674,-0.5220508849999747
8811964835790211313,-0.6088040527130912,-0.564210586049671,0.3793303407017655
8936370882603225860,0.5573643775734709,0.012481001044885013,0.6730959167635282
3208775271691363910,0.2914360211687631,0.21090652240057087,0.12864707638386474
399702475561590164,0.4294712313158197,-1.0106920496331186,0.5045181056895995
4327364027884014949,-1.0302432614344799,-1.0465086700187927,0.22015855149828595
2856849408530528067,-0.5207045639585779,-0.7578276986259167,-0.492983522916145
4772979786623609361,0.16212146706852232,1.7152750709930094,-1.6475869795212696
6257702022159848912,0.658937455623219,0.14648608644060718,0.525282534605246
1808211273705881299,-0.0365813638231437,-0.03788258471654431,2.8119494245198355
7280504774573702281,-1.2081695916797104,0.7397955127208368,0.7426625414635788
4775052758576242229,0.12043223461743649,-1.7368196508344642,1.2249666566975181
1148173552984589848,1.978055145548842,0.9766726909887894,-0.9448787392088193
9024645338894021698,-0.7882011982017443,-0.785780738658292,0.6654569333537366
4414712124738899504,1.1201654328388642,1.6526920168023558,0.13178025743690622
6953959547368829709,0.48415287147962416,-0.12041983335336987,-0.23844939865202963
4693313431028510026,-0.5610756495730844,0.6048534432314753,0.02807266102735392
578133952626998845,0.1007068305908404,0.5450119118381702,-2.321112559621712
3560044301565225925,1.0554921928528143,0.9274258270134865,0.8089697271629456
3132251042955242169,-1.5998301968879463,0.24304727500914097,0.3768756966427908
7161699475395793056,0.7869097400858323,-0.36216818589253286,1.5633753419817333
4469971100171027731,1.2677270415185817,1.5752850170680193,-0.8928516425383655
1559967451495214200,-0.8115547439078561,0.9597713769999865,-0.8711857454308832
7201820806660040816,0.9414482124103909,0.7561214181018888,1.1613263838007568
9190346028661418680,-0.029070996794208732,1.0796850647949678,0.8734831221211868
900486966040626000,-1.5277036396898578,1.0653894876562768,-1.5574229265778345
470622557239491925,0.662464654932826,-0.32167399983221884,0.18537744035223458
8744341455796659147,0.8224460439940537,-1.6124537572404911,-1.8926442305201139
3178631863680588913,-0.5803657191862421,-0.7565440465465082,-0.1486033668992985
7517543217056850413,-0.8387404791460276,-0.8291383807567595,-0.6522884535884145
5998512507841044234,-0.7841991359086351,-0.29236729863227706,0.33133063805581464
4214160337483811867,-0.22952581841762573,-0.1535530325152325,0.03505199574891447
5064187427049527277,0.0667902268208538,1.562869509057896,2.479110815334221
5486410407291030041,0.2217136581515382,-0.5218174431781034,0.6717965042254312
3547779163790401683,-1.3808678575796178,-0.6495532601447138,0.7597311272065698
3480831251197664402,-0.653685835436647,-1.7282483278338907,-0.468343897836427
2778076887003680477,-0.21819298446459404,0.5393372314989399,-0.9153603009702652
3448459891812373690,-0.5827728677196715,0.4387787949181462,0.7237023088357102
8507769373159636584,0.1832321276456358,-0.941744965420376,0.7823224009793007
7603118686797831863,0.9721103478173193,-0.14159546920604246,-1.56313605358195
3183182789511595746,-0.4032164601238656,-1.5224600197414893,-1.2315118490235726
2264466406680402089,-0.5603328228836824,0.5856812470551158,0.1437378840106025
9178384238848233253,-0.33698448474643133,-1.6942362046275878,-0.13580054354316712
6229750780934048159,1.3707292993890985,0.9343209048125458,0.6646218995185184
3418053143901425967,-0.8724185178728419,2.1565207533372512,-0.9176884936932688
3868063821863316635,-0.8699029545632282,0.8495611128535402,0.4101741271441219
5602433286880412796,-1.0593504521714285,0.15764581752054702,-0.3875971728867963
2941857147458033179,-0.058513606874538604,0.8112968489118808,-0.5705313129547461
7239796703707380708,-1.2548476764005858,-0.5767413280721932,-0.8145925009609368
4353698711118671401,0.33268832882054916,0.741351808244359,-1.2264394563466707
7774696561303535647,1.5469507565703478,1.2575339003815704,-0.24864192577052116
3409880221964108913,-0.896186253184911,0.9473520545758896,-0.08531058805281078
3991509701216765735,-0.7949209413373313,-1.1258268735887758,1.575578960076454
4017282885980749630,-0.65604789886237,0.2533661065977005,-0.7785259023806662
1242710143864557558,0.32375192258257446,1.8814354563485647,0.7133199816046197
4336431262702507536,1.208067361128111,1.4529739259660526,1.0747164871481714
6935657081133641868,-1.1573459199499068,1.6038190335038593,-0.06604860242145075
3649143069755014277,0.014369953318808233,1.1298525890396784,-0.19970948340239314
1392502388907419978,0.21458067402341277,0.29356874342516576,1.1054217510739475
1395807011868536448,-0.22999183110624252,-1.1812443203277065,-0.7473953880652666
128933854602652407,-1.3315433433798922,0.5925287128503377,0.9814046030955533
7413518838428591381,2.0417946189413403,0.593171491727338,-1.284619994489694
7418726729009305669,-1.18754231164462,0.2657634573692222,-0.9478988348012689
7113080200440138677,-1.1660837556353516,-1.3041426584638096,-0.26196500002968903
3661653994032766088,0.7029260741429105,-1.3492151407718007,-1.894694435020522
838173277534054345,-2.6204111212107257,-0.7279887432835292,0.5354504914781223
1593774776917999476,0.23041323633419963,1.1719232370234736,1.0788891736216217
3392806892504756511,-0.727721784363203,-1.3399806865086203,0.739282721510617
2812591245942987576,-0.49180883591291397,0.7066325362176216,1.6740562016646046
6663960368725734257,-0.9546717963009123,-0.21808998766854706,-1.81596199484197
6499086790460705869,-0.30247831509444356,-0.9434191582736156,2.0508498587265636
6744147698239426214,-1.6840892264151353,-0.23818004420647362,0.9753166182256403
7696855768275200479,0.13935498814513733,1.9498170127815262,-1.252825925571857
7738747838091648055,1.760094088979914,1.6580540772244767,1.758931118428188
4690298446518951071,1.4124263203797773,1.5100855848777472,-0.41888787313697284
4347460370614589752,-0.3272734107870579,0.01094436119986702,-0.22550978244303013
8574019612461970552,0.25736484617261235,-0.19064436084229733,-0.03814622157515412
618743037283937825,-0.813889339640408,1.8655489785381303,-1.1837107610727515
312525623729413083,-1.4385716242381814,-0.31347778358993394,0.5625581097511145
2301876100888886261,-1.4792356540854592,0.14846207891193192,-0.3105340571065046
6635297728749195402,0.8962098354478643,-0.74687230054128,0.8350197872914963
4036963088221929102,0.4637565682737333,-0.47102278788801494,0.7287647821515809
2398591636697180509,-1.1962299285578428,0.4162116932317657,-0.9811322610514045
4224346130587333874,-1.37750557760002,-1.1715025831395787,0.8775426602889518
1010191742008855485,2.106152699735475,0.8598227990443578,-1.1374512730276811
2031674878621122678,-1.099750934049496,0.5388870572098073,0.7445242806606979
4096489081556489139,-0.13365959212082204,-1.0265933518680392,0.16403190055641528
8138226073444284473,0.5091130252046098,1.1065531630792842,1.0438237169054236
1584288918423188298,-0.2834293723086265,-0.44169700488849695,0.2712970139805599
3867878237057628630,0.3740231864449214,0.24381514965819645,-0.9172218572599709
7757076195821431342,0.4615062436190493,0.6874530456870763,2.4475042563656664
4190287085272536178,-1.0310802751357104,0.0026203246509985375,-0.7475797420758753
8093962156818115841,-1.37725685093355,0.6263645700164416,-1.7054739486033872
553052002029827134,0.4327978086007122,-0.01926963659058653,0.258134744866903
2883703430676502303,1.6256873991015786,0.3638346786716462,2.1515494413090486
4441018670928139381,-0.21087111476486714,-0.786167847196763,-0.4963113737035351
208480126603650601,-0.2607677582472543,0.12625755367070984,-1.712294062092225
8719891319193511323,1.583315743680186,-0.4409463648363491,0.5378653162768797
8236157271320916980,-0.12424438680249932,0.6314355047301209,1.0229105292069511
397235718854498606,-0.5200775500270038,-1.495300135784477,-0.47023064981693435
4419603780087648192,0.7864969208125041,-0.3167283665217388,0.3893955574045035
704816623245088671,1.3308790511591757,0.7118584192608384,-0.8654400230176988
4738917275506457619,1.1709438274919894,-0.8259803624843528,-1.2914697646364606
6667783443737890090,-1.151838911919528,-0.6379119923353538,3.142704545685065
5491329804314377186,1.0181588543034918,-0.34828263457131575,-1.7091783706102
4222644899453550735,-0.47501275620064876,-2.254018682905388,0.41859013685195545
4878366801530603531,0.6579078389321754,-1.3145488802835739,1.778146287439972
6656789062675309334,2.149695103433193,0.8184102651552545,0.5373668324891707
2375533541360561806,-1.2324686725222744,0.7810358174126014,-0.7707259935862071
5425210351884824757,0.04195304775302373,0.9040393472773431,0.6026868787361617
1686963411541747650,-0.057786405266819066,-1.3336294815743295,-1.2562911819149596
4174873016586181648,-0.8297513653105117,-0.204648785142451,-0.8158570087720968
4987864546570503514,-2.2918943194860475,-0.9993059551538587,0.06622447219565883
2893060044581595962,-1.595908229722269,0.6718848335414564,-1.2669932636440946
8675220217717244480,0.016287618878980607,0.41108722121727076,-0.6531683237339986
4361416259470346401,1.1556418080107183,-0.9048838418576525,-0.4079809875089168
3309948704922921072,0.416072027041138,-0.7161851681278637,1.033144669862924
8171918051428490748,0.01143087603690575,0.4520788134056116,0.6066101109956845
9153207854380334862,-0.7406505130686444,0.02847822155691335,0.3773858401410736
323331015405431055,0.1621415921778502,0.4921575103048826,-0.16937691127459278
1092074445297183589,-0.22445353392943013,-0.34341305664668104,0.601979080176103
2985233640766813469,1.1701616794895067,0.2640116869224003,-2.2377495990856695
3759411006818618435,1.2044800821639148,0.4751738420713076,-0.7425001901177409
662170733119778081,0.21158408769501968,-0.08866879828778351,-0.8930577697746331
2193532582908545879,0.2592280976332293,-0.20457999760977794,0.7069193536281186
8707033444417932134,-0.8143023420318278,-1.0871663323389829,0.4109468266261773
4503391175165772021,0.5933832812273387,0.16622243649454735,-0.7340850409069091
4882393715684922304,-0.8808192032832947,0.18939112887106582,2.8067120190577537
5219610557806531801,0.047340625796875264,0.12385705497863606,1.1970232097492535
4263841001183652306,0.12452475057378193,1.243367392877957,1.2653795609953122
1714896792456850352,-1.188382398681923,-0.6361651138935629,0.18176915561994345
8658120547909440771,-0.4458987796296295,0.0256145398373169,-0.8459240151130843
8616133541804139510,-0.5331311102589519,-0.7512240486090433,-1.6552043026435859
1431427494791060127,1.98496998815345,-0.6473033266880935,0.8462362332657853
7118994828443009270,1.7361883041370887,-1.1452557677174064,0.0678972197065045
6172647622227728591,0.2709296257042457,-0.7478721304913533,-1.3371384020418147
936948504972376601,-0.3651970714154231,0.0004937851681034164,-1.0400663369205934
8131795865679337603,-0.06536892722382244,1.555945423197097,-0.6690272317974019
7920872718318717881,-1.1297489261255007,0.23381506794460166,1.5886757789303974
2893484298177304994,-1.0651244623327911,-0.8406194485663088,-0.4892792964715241
3357437172583922266,-1.459942164984522,-0.24288724277612483,-0.9018469112562056
4944766564583056352,1.0256488953005558,-1.417913462376718,0.17476566053421574
3148613721176011637,-0.1265419019358039,-0.057074888640229623,0.9880687876604952
8502954866835455675,1.1912545483964647,-0.8582399918922627,-1.1730323852136
4412520690807085613,0.3613839068427816,0.1310564342859323,0.1362262975337834
4876159945753228368,0.7366003639151538,-1.0436227356256291,-0.2597323869778452
2895717583075105152,-1.4862023956548123,-0.6371613973714935,0.9867924557803288
8822660452690925588,-0.17686154262719203,-0.08615290991483635,-0.5691529256058019
6189912881984624849,1.049016551003833,0.8668219996775726,0.9018919257861421
4464140695584212537,0.1505002778782598,-0.3042717856738194,-0.10487183289806912
6332150074364913065,0.2458408590677289,-0.813515971711219,1.0887064877211663
3316302020645425955,-0.7898073274078397,-0.40863271316215377,0.2009680557148233
4613520224978001482,-0.29651909559137973,-0.005062431614486742,0.15737602183354843
8242350689572940512,1.5026167540829505,1.0267251740150602,0.7138975836415146
5284331681203389972,-0.48018804393853876,0.14488022133354045,0.020832287406406833
8416229722913166719,1.436053491699483,1.7726704152736878,-0.3830006146730652
8256737462050724392,0.4817006936764703,0.5747960129593194,-0.3310190158630335
1240774049017141212,-0.9925453263470052,0.3461749335264143,0.04589195316459354
7366387024385948557,-0.1777957416214734,-0.2969462120194281,-0.6174227669629393
3691962314702945797,0.2799612359354511,-1.1837098660557637,-0.4240875433524583
6087265476183470884,-1.4008499260129466,0.34673382721955287,1.542624165503299
9091952895826070907,0.5564466825650328,1.286790361325658,0.4225318935523433
5017369960693674299,0.12290539859616145,0.2820199935638213,-0.36879829831417194
3517640492215588640,-0.364895409376274,0.11603111120562927,1.846703314401837
991468571977602350,-0.36319796271591276,2.4209294891825284,0.7767688327652247
1753712580080831596,0.9304960162095872,-0.14868709380870154,-1.2153363726630046
3768320325426176424,-0.05900965676573189,-0.7634747971244745,1.7290483175635627
3874645462894628748,-0.5369539274474501,-1.5992918073613,0.7986914041478441
4558481495883912440,-0.052156102354710826,-1.2209901086248547,1.4735625380124207
2258319984592360968,0.51376482827991,0.39726187893637366,-1.2414370826824914
8443390234010895970,-0.6262019117644106,0.025262705059591734,-0.8987027852863794
3585249620009667828,1.3328097728207495,1.138820613250051,-1.0695521212620362
7273144880644620084,-0.38861967060860486,-0.07108064569031852,-1.2382606435519823
2376686311778010127,-1.3968986049086276,-0.5745965101049698,0.8032566309784686
353708087545112578,0.13072302782142037,-0.7288687387802599,0.08549708647149347
7275948969792688110,-0.1992969130844488,-1.2977676688465951,1.7455648738911902
2766257644792494320,0.5736425682360987,-0.400144609836696,-0.38352448450010806
2276515830460422011,-1.3620149517562579,0.2693604472195552,1.244637074260266
5123925480709307258,0.8659853752870724,-0.8517461164515421,-0.426322426527851
3095102338502820693,0.6781497166418982,-0.17879854899672165,-0.4258370129922236
5040789485865291988,-0.10307744567653088,0.46947274098656444,-0.5714838792261339
3300047402410495364,-1.449975596079433,0.26468011072045,2.5279068427989317
2419032507050306353,1.4865808897603516,0.6699843001902204,1.1891026844780153
7531780139302380541,-1.6581575263266832,-0.49069911634042085,-1.1235771550736864
3639372352302613431,-1.516082901498165,-0.6910632793436775,0.39472484318107975
9085941854882897082,0.6849248606948282,-1.7123766733539239,-1.755891040044201
6498180090955897298,0.3678848136225309,-1.0365689989556037,1.2595099148935374
1776519265414244258,-0.9946496128656793,1.1220548654896507,0.6440881151420841
239238318290622598,-0.5121847444742527,0.2942558247498081,-0.43912803692254215
7126671839816607325,-0.31983375150506277,-1.1516670085090244,-0.7302538685669857
4938730805124843342,-1.426615130826349,0.4521094645482252,-1.2059925950427484
6690919115319732830,-1.7354971928615102,-0.4040124607997582,0.27968959645272096
8251257297571527412,-0.46637953167437873,0.16949538513713913,-1.6149833851571342
5665341170490167485,-0.7245865722295386,-1.262597553989563,0.2001886909876947
427165237032020556,0.8733267203234792,2.1252954040654726,-0.19780304493945589
1336781098880268566,1.3476191541072031,0.16246477098194226,1.5518335372385506
6627212705726774300,-2.156802549426518,-0.5527300927424214,0.009373564723200015
1283199149638808335,-1.085570409783725,1.0417294539295399,0.5291570995127381
6902995019231851257,-1.5382343936721437,0.8381243917716212,2.0122481626747843
2300223080331332898,-0.5218636596257997,-0.42842675206972014,-1.7368002708611707
207318652620252599,-1.4165535143506598,0.8171034502649577,-0.7000625496842313
8687519835420285037,-1.269521002224688,-1.2432278018613971,1.366128765699823
1761903583095731694,1.804984886752226,-0.3953687414464575,0.6047546286947177
6964353829429017583,-0.34453259891407045,-0.0674036720028195,-0.04511247630019706
6781616081515420851,0.9346758467877385,-0.2577660192052989,-0.5226562762696176
7503927946493996451,-0.09168643439669087,-0.39849807476229343,0.4322565769473573
5960487337327281254,-1.6489178372116446,-0.11072905629995526,0.25600678965893303
1126235616676561407,-0.13417261983887505,1.755099391676726,-0.668537420161383
1687690819904735735,-0.6590201963332898,1.479720998607373,0.4109686620649614
5418417256500554221,-0.8750026853848406,-0.4603556999798831,0.6335301711513807
1153948193279161166,1.0503185209596257,-0.6870387773018893,0.493215813754634
4924758259365215978,1.056011099555168,-0.1493907145564152,0.8320226810511557
6550847917585275343,0.48686470246412195,-1.0310977881126915,-0.4383707554231047
4733048387565317400,1.9253612957307258,-1.1947736252845518,-1.0555407247650006
6962144554657834641,-0.7047490710883848,0.9118885223258609,-0.6782354700333997
3073254629926514091,0.16970475142880664,1.1824671164314555,-0.05239704160863945
6496635769158896711,-1.3540011930307607,-0.9539520467589462,-0.4344221346171121
9171406384829341062,0.36553914757673445,1.5305150796645137,0.591707365683631
9136907392985816242,-0.1915481826042781,-1.5377348597234786,-2.7041372760062354
7067785133235319248,1.0169542642853366,0.5193684338320368,-0.3820984283828295
3190033388482454367,1.4419142590497176,-1.1122374919408324,0.871870685832174
4956061436408232823,-0.12381902071014976,0.9460484343779515,-0.7099175403987146
7224972750684760407,0.17531191696608966,0.8024405571948682,-0.3509154759973275
2564824710262575459,0.8879582217962834,0.16809918852319655,2.0349141928941896
549263315931714378,0.26721635403025856,0.7610594151631023,1.3261181632012207
3109171795188336157,-0.19456729870310333,-1.0366608470216176,-0.6102829310756829
4199639278661780641,0.863596498294138,-1.1744295624188716,-0.2383791968729397
6219422965328070343,-0.5849787323093996,-0.33958999025649794,-1.0436172034555815
5949908120088723760,0.7662197265064236,-1.2594406771639461,1.529384648777368
1592559080717663870,0.3611985351139597,0.9411080342267756,1.3485635021968208
5824912987716864661,0.28354384878516575,1.5276846117894647,1.512975968467309
8417741973997923085,-0.6671691395756884,-0.6826070906648287,0.4963800338769538
1114649452781985438,-1.6398679785350279,-0.22044378366650713,0.6273776115117087
5263189821346896307,1.600613383170061,0.67129633177988,-1.143266984412622
4351722912118562193,0.8193707818512979,0.645013804308324,-1.1172052390913496
7464515355729852598,-0.9936081216591216,0.6324376758567343,-0.23827115767130802
8254665882349229327,0.019726704176655792,-0.9744988382644738,0.29780770099750375
7948874461200573797,0.5797224486769484,-0.43613107417019625,-0.9130878769848731
2037269141354654753,-1.283950768052079,-0.2703150522737941,1.344019576852448
2542139674083431344,0.9420566156863364,-0.5588984775531497,-2.5307567425991326
3544561319507119257,1.4434691041418373,0.18524423917309818,-1.0511652398057658
9186866614699004568,0.29657766604442964,0.19556540445339587,-0.36220150212876673
3628167206022902680,0.3741588116908617,0.539193422778437,-1.4801199494070534
4974629121398418729,-2.295022425122441,0.8260659620645552,-0.439092541361283
216000148558573447,-0.5563388672035338,1.1813977819323669,-0.30332906735711235
4259733802369957751,-1.3257206184128252,-0.2505226088989672,-0.07246529127886348
2715224077207269673,0.8879956189951486,-0.45931671050512624,-0.20479857681985203
9082076684114976426,0.15488273580558298,0.09732457579868388,0.29906678595001535
2331000034899024654,-0.367259505224726,-1.227857221194223,-0.06402305041689413
893157637080472793,0.8252784932234962,-1.6294156475203287,-0.9710557541440511
1688855139250495953,-0.6160878739841814,-0.7896007330745445,0.22046976631352933
1247723852157782157,0.8559182653457591,0.21238372831493946,-1.385931033567013
8155676842902194189,0.8421243842086354,0.9466710644715538,0.3077295866213207
6096230822201989308,0.9709644481535904,-0.9645140635634256,-0.6296014578010504
1901423501806608318,1.1339957037683788,0.08822672044996448,1.7395800335504072
8990933996881372999,-0.08110156728874032,0.4190784408326632,-0.8750727153373377
760934019654579228,1.380987693498895,0.05999365131574459,0.7627236440922018
3296987549101506573,-0.9760466780739485,-2.0138914295942185,0.6687951696115841
1575038886720183394,0.09685271087158372,-0.1454337702941043,0.5161135493808243
5142208489200489039,-0.5483580151966562,0.908839695298776,-0.5326364438198425
4294142161125081172,1.1618959192660019,1.4322304635176648,-0.038745581992983114
1330069938736958986,-1.5061027650158576,-0.9126585451500071,0.4995293932114042
3163667866313077955,-1.8789965271919784,-1.6739514901459003,2.058224610324454
5290960759477454083,-1.9086878063211208,0.6796289858779778,-0.07433530532427333
6254268198168713909,-1.3441191603906764,0.03478420694634356,-0.27300236782199494
2303692690601968496,-0.5738001907771305,-1.1582381421009647,-1.3830480163093402
8840750923033951191,0.16028379970828024,-0.6498430383216764,-2.134230280065727
6646644368780358817,-1.0994379144367201,-0.3108842361429496,-0.19509109507995878
5549083538680445190,-0.5844663505957565,1.8051632103448232,0.4242240223223304
2634993002845710592,1.1849280422054473,1.4804614699421261,1.5359853116583742
5996616397013741157,-1.7963258221195104,0.07422748744837265,-0.7072610614968088
4000291408097976431,2.4604466672490983,-1.3371585197251814,0.1309561304657493
5042930290449777986,0.98740302917297,0.4409449411853222,-1.3517730598189461
2558987797567466487,0.8508217839542579,-0.14786849221653942,1.6399966742179655
8550596179995552184,-0.2623918839368061,2.431589695578673,0.9980705117039788
3969680103059260046,0.010572349616789793,0.7010842059232596,-0.35903459273173116
8664912840090233850,-0.004945551519852324,0.2616723431173496,0.030405476562643467
5613620746434213434,-0.6059223200159745,0.04644338810649774,0.4208762562960151
2025852122671442287,-0.8471459271616801,-0.4527261926673256,0.6639056396630262
4408369189228548091,-0.17117554805042445,1.0793942675259753,-0.03782257135471509
1862256295582691356,1.6969030415366912,-0.12121734674771036,-0.006238360435085381
4991532160105099783,0.5314603233929225,0.6271758371841172,-0.5622088592125926
22480978106516751,1.3439893912328482,1.6924628712188883,-1.1252070521246782
4163837746159593782,0.47166142861526317,-0.3479679060317172,-0.3340029819138618
8035007958973655475,-0.6967368386549403,0.3127578913716348,-1.009479178128917
7333718598254811092,0.06228133506011066,0.9213401422249756,0.0466885234728322
7310805558588955066,-0.6883729180142988,0.07574686443169132,1.4435886825660142
4180017194929486726,-0.5114710343825902,0.7816354159216157,1.2398763889232751
5085178203512357634,-0.2582479683220613,1.4262053044346825,-0.44061739429195007
399606985029914546,-0.045049247916748955,2.2698033658924315,0.5809111269698856
2773559134769692367,0.14617712036516486,-1.1482531382535976,0.6739487447386188
3119788143923893225,-1.312390161463978,0.8964989567238335,0.5526934455857111
469707140473465123,-0.35619445702669955,1.5021911848002922,-0.6083889964586541
2417064835287636753,1.1845090682128694,-1.2593518091764067,0.48722133227465036
2596997425956058142,-1.4428804815133638,0.4347060535083883,2.953074417485496
1780157907998317005,1.1565766873556123,-0.25145606422930145,-0.7823470331983755
4789945117163198594,-2.3569348490372524,-0.5617570153019055,-0.9046729765885865
1107515010353546585,1.0676910407782751,0.6889722884197583,-0.3393909048618708
2110230673314202716,1.0261759481909787,1.192700570689957,-0.5172161197588169
3954706710745413374,-0.12540289243539005,0.47603643538715074,0.2385897594502166
3988941688659708452,0.46116952829272845,0.3089665573258813,0.11818399029179211
3200106068200616895,-0.4753615758579914,0.2462337227114934,-0.9520187359434977
1661811225932410415,-0.899769225546551,-1.5511922600697927,-1.0001309477995373
3706983124676921428,-1.4161404425018824,-1.164598989422129,1.4111249629154747
653518403240393520,1.7436581100815258,0.770920112888593,0.48434327228114854
5966352403531959997,-0.74820333945131,-0.15013585320620762,0.12273406335400013
4962520240398286810,-0.5527980432541737,-0.5863237634527992,-0.7698121646179278
1794540003673313632,-0.36438632923033737,-0.6756469573419179,-0.20089473468541272
7949852694732784314,0.6213326288111327,0.6674331338956598,1.5280843172118894
6418616374484053505,-0.5476034293247843,-0.7836067347021133,-2.352187022980012
7407545145810135319,1.041371393260352,-0.7294023650691936,0.4414820935424733
6719707060840554738,-0.8508329132091196,-0.6801614567438334,1.739196462278891
3872892078166061724,-1.4434539949967524,0.03961077494982544,0.6208117664612451
6440725470982006928,0.9649525691681333,-1.0081881688221102,-0.12413326403750055
8188209980661412719,-1.4804915601310258,0.7263132468964345,1.5601655955678513
8868376477493432392,-0.23556004398142938,0.3407361084593475,-1.235280870193083
6559103631165994006,0.5141256326028362,-1.0213922733018432,0.023280366570433208
5659664054265556317,0.5716224057327874,-0.18882360441642135,-0.03731334959073737
362682205015831676,1.9733091020612727,-0.16088467290817315,-1.3094090374710323
6168841941056394631,0.1679941417856172,-0.44221814211484606,0.3278903167482767
1757831511977951199,2.0988677333906987,0.8397265942318902,1.6522046124215028
4721338470100201694,1.227980340519554,0.7083724192468795,-1.0454428420657234
2381665020596782912,0.8971160863892974,1.6934621581438805,-0.20205653772838292
6771996514113802973,2.781017024196244,-0.4839350956680345,1.8840189502483995
3402949930995814562,2.3270116764670705,-0.2768906697154741,-0.9400949405987661
3431703013431098153,-1.3707750035171433,-0.259210107995408,0.3445197304571399
8283649166723033772,0.07050562164577674,-1.042148104748319,-0.4315545260689412
6692386592831447907,-1.7208643055687083,2.3510274951841943,-0.23803804993653926
1666187395291334177,-0.35331086793365984,-0.11612826300764056,-0.7209528714421223
8023257081268166813,-0.7922959888286034,1.017020661134968,-0.6092079231499025
8585923216497116878,-0.03750569945941064,0.011421479419336307,0.8414143285934441
2489415233619102233,-0.7184230168527905,2.080852454164053,-0.16885821406261112
9201288212533521079,1.0460877083662905,-0.6814169003093453,-1.7414941154224708
8917001203818390857,-0.5868372929038,0.32098093992308574,-1.8927195493482634
5210852089037399477,1.9326113631825153,1.0704425886986684,0.17562945800399976
7879331730909071148,-1.0091205615632655,-0.46390905427224577,-0.9375781724445206
9070643140598918612,-0.5744892298895631,1.9290473115716933,0.8543742146025158
8603835426110513156,0.5991940688670757,-1.9544750076297792,-0.7687792869560814
1312290023868845919,0.13451042978208466,1.4733911262390877,-0.33301926736911275
648675995059877906,0.5960596859790285,0.7372605527105249,0.5852088394542938
6694694252956913503,0.5278667875936722,0.2611254378002285,-0.3665761733247134
4917811746527675912,-2.088301196396726,0.7894869720427637,2.187693583658406
2278811077127819425,-0.4990207545045601,-1.7997914630420302,1.9835603215905304
6143663389888476668,-2.4592006482142312,-1.5526082291991534,1.1626853988794317
1994075388104739934,0.5684373808448567,-1.1462847846149984,-0.13102890040847698
7220200682684717924,0.4503420032010626,0.20789812386282472,-0.0700636571525762
4252052856171168541,2.557088534135348,0.2983407265284575,-0.2545295443376438
8280989938087230569,-0.47182990271313036,-1.6915720114197772,0.6512996688398868
2398300806696062438,1.0221080224899386,1.4250988240951132,-0.2779144432486464
1773096411357760321,-0.5824952449735595,0.18808434093169732,0.42466363468052204
8798661937089211101,1.234839499518822,-0.5422654279858045,-0.7779247422355801
5527496955889429815,0.8826031409290557,0.7811729830621158,0.5328834286467249
5687352779865920466,1.618005692254057,-0.5665633531330038,0.9639133410124986
4036514351485909006,-0.11409693802449399,0.7780631862552216,-1.315743535416731
3090106488608246774,-1.2373779068819566,0.09169164851296116,0.07709877443607761
7136387011444551399,-0.9215214270535727,0.5927828422831174,-0.8937161287458749
7363194573062539589,-0.045855386423309885,-0.26312642481225584,-0.12959884150572223
8105014986089581014,0.2077817525165014,0.4894759637917444,-0.31879329935374606
4467732801837514463,0.152726221177208,-0.17596825226732332,-0.37799813635974466
3777793098773655169,-2.7849957253310205,1.4035305340863393,0.744960142447212
6461325402704836739,-0.27049269540322946,-0.12425400481601816,1.2892157873059533
3207416516851048319,1.8511201586272923,0.47036564427249206,0.9939848584456737
787643286601378382,-1.1149616996622487,-0.3738956823491027,-0.3830569775776299
894396917832548779,-0.3873620656158135,-1.6498878212723918,-0.11605951047975589
9010678955903804203,0.46370743295586014,-0.9892659418238509,-0.4213766318004625
7156947773294966496,0.25079092792104574,-0.18924681844430208,0.6349567014725782
6915683960774642910,1.9869457654240639,1.3405065599140176,0.6506843435318416
6929048496611137319,-0.27359168017886953,-0.12358792002859324,-2.2599495455089107
8262596274589346168,-0.13258402078676318,-0.25608732169401155,2.088397123299351
9030239951825934780,0.15567511489897204,1.0298726238069573,1.041442088558783
5850105222744755790,0.6253167406735337,1.33836708307218,-2.2973167660719125
2393658632733465110,1.7658306121068954,-0.9459826972036051,0.5166139641854292
2586855587604463705,0.1614362967665523,0.4496829775533626,-0.7928266227414267
5606481584885225580,0.9266748747575485,-2.075559552167497,-0.5660889409237954
8671320642937700916,0.7117686644162269,0.447584049231342,-0.21214550034963994
7438801434367292097,-0.7565029209533527,-1.1416069259516384,-1.1695308249422656
2494939078225466252,1.174519061121286,-0.090827184731775,1.0764870324717533
2812724755259125159,-1.1039429016478939,1.6436841667116675,-0.17145263817862558
4861588180287990450,-0.13519336886298855,1.6680849355977998,-0.09672325382379762
2929454749291405305,0.43922482781876493,-0.6427150059210424,-0.031129213265883953
8130744493091940707,0.1931102614603923,-0.5695709859081672,0.16351142826798443
904830827467030271,-0.5499183607642344,1.6095355476369029,-1.1623406580852595
2389088720442053423,-2.0414899605123367,0.9604420631675697,-1.7264022296882031
2052841817728207492,0.0808954874719154,0.9822345664259937,0.08832425974115789
4067749347709048709,0.7388564911765356,1.0133103567194,0.630373945396243
2599238289996945636,0.05200545182648646,0.11714943310062673,-0.17980748567253435
4732207474197163872,0.535166701013937,2.1965758039142194,-0.33645154993000326
6147962034675785099,1.5255154968108193,-0.4251966631535969,0.5408017284030509
8317635760627367413,1.8266092143942483,0.7980817472609981,0.7252806826154382
5392004284982346226,0.013090825693747364,0.30827023523910035,-0.7020085371452972
1671940265879194077,0.8958770042975599,0.6634502690626255,0.7296452134015516
7608465538757300605,-0.2713217995319822,-0.8737324257598842,-0.09264460314622071
9155754888471017465,0.4824975780041941,-1.7789053512475683,-1.656760813084486
4564696986651022724,0.0061392088436267155,1.1127048125636285,-1.4788472027718476
7158667878293739910,-0.538289816475861,0.7180504971242893,1.0211922198713388
1705583507600179435,0.09288004770688338,2.2503769349190064,-0.5681239599008492
6658181886208306092,-1.6289122646827645,-1.249385591351521,-0.06029054014856559
8290779589553192198,-1.0197490546235992,0.47381020941022645,0.1062204715568837
8769560468101615365,-0.13358238077896645,-2.3102003408013334,-0.8944651643865035
836058531904275634,0.5045125183107743,-1.382314052516814,-1.4261530050552975
3695096095001048680,1.119671050242985,0.42743506368025347,-0.6363057298650773
577959033248643857,-1.007482460642926,0.46812023961036225,0.17247803280679722
2654306533622412469,1.249862257132084,-0.1595850383524683,0.10699626080332625
4240540384224617668,0.37565184176107697,-0.43660067090742405,0.057034367421565695
6114509160685074356,1.7865603352647734,-0.3816538977432473,0.47961198892767737
5364744174989041241,0.308571994398764,-0.6096795415504507,-0.7753793058848473
6552756045170014221,-0.32438670295181554,0.35300638681797086,0.5353524314810374
8123023174783207135,1.1353341359215345,0.5954472294298702,0.7427746646682041
312737374859399582,0.033245185227578945,0.5822073674255994,1.0648920481445854
349848901749930560,0.13919415666197155,0.7811940464817692,-1.4916267876477194
5134909044081257384,-0.7046039836557633,-1.2184935114330115,0.9719389060925265
4037300787987241317,0.5669279679702147,-0.10567260895545813,-1.9600121868876936
3937117787811297009,-1.9994908147612118,1.7435232393176516,0.5376439253225687
3563523246737714870,-0.004778883854109897,0.4996915536315265,1.8377937390781645
783835279531374850,1.3722369909893695,-1.1209960971850697,-1.2508333860334828
4637828526350255748,-0.09107022098094494,-0.23098364049597844,-1.070050742831314
4565284728019214700,0.07602901497956942,0.28220552577525204,-0.265925975957083
6441822435096603648,1.1144979838922495,0.42233861358516656,2.540207630196552
448832660244514100,-0.7841996507411751,0.004027689252960343,-0.061962915523520505
1672910894419913649,-0.2698039801898827,-1.7931942659502083,-0.2525873457969415
4469402416992827925,-0.045946353455117335,-1.2063114909107042,-0.49844349410825756
5088598696275025566,-0.9091079869853926,0.6622205331982763,0.5877440070934898
7883219032001699200,0.2486941646267954,0.38486248027862213,0.43935689033941855
7413339464329428852,0.30871752749007475,-0.7083564938402706,0.5057045207130209
5831185824793565155,0.46338242439734656,-0.24794957983847976,-0.7721633494461317
1065847750088128595,0.701571648851787,-0.32738937231301857,-0.8862376820567243
4430054499582315983,-1.2037254285396668,-0.24763433201602786,-0.01785228402144406
6993756703447743844,-0.23450562543014405,-0.031055125853763778,-0.6756217255729144
6876526704045023326,-0.50664735592816,0.28453405835814943,0.8173128258403891
4883422172226152812,1.4179098433618678,0.4608476775245557,-0.2600588112456516
459142362994137298,0.2744623159680017,0.37802214109340787,0.18641439065105705
847528004300867950,0.02881619823974519,-0.27954036309534336,0.7274915033698103
2304181077342111775,-1.6577708194219705,0.6455438919883015,-1.7475746773040515
7017833744177361633,0.9831002380570507,-0.458735986560605,0.9930071149517606
8825633374875165109,-0.24114292815579605,-1.639999846153921,0.09208999108106475
5286613547434481604,-0.1980073136145159,1.8537710733759507,0.6632211675202438
9119705370296424259,-0.7482187912682355,0.27092736331185013,-0.8401810598278989
660453647878961181,0.132324879282689,-1.6561749590352293,0.4714840516230044
4465679419685826359,-2.0490788548001326,1.1717387534466055,-2.1886018826821565
8149689244779957159,-0.7905974731099578,-0.725084573897357,1.8169663351454208
8090150212974347219,0.3213988736268747,-0.7776161547181959,0.7588889569215189
1587711106103506041,-1.200710947038194,-0.6345612065309614,-0.33219669928658396
2167007379577727107,0.3991452054389526,0.40328599119428166,0.4139059166405298
3601663217297278301,1.394215148310594,0.6742563470323719,-0.9336316040344255
7356068769216348250,-1.1846190481577992,-1.2355123422875374,-0.4500235508248838
6827503604148191067,-0.032377915225587736,0.5115440290054896,-0.3288887151487422
5050748505633322809,-1.4921362215349927,0.2566193920993479,2.1128474846816703
5068804221111173867,-0.9875043594803953,-0.8950617138288038,0.5901172470249764
5499841077405736889,0.7856525399581813,0.2694617437185883,0.3423728845952491
3393438327043961513,-0.3303492680055647,0.7512634315422638,-0.1968546067824083
4442126196451622726,-0.8332132717348698,-0.5421028343705498,-0.09342822931404213
3414490764998593587,-0.10946291527161738,-0.39493484140674445,-0.07801155940327012
2053343142607685907,-1.839694467098223,0.5354852526813721,1.0925617762303046
3470254247750817803,0.6177865551029493,-0.730386227628718,-0.7945986417846733
1057106981416103392,0.45395647603465156,0.6040148284786918,-0.9491566006481335
5816802054076135896,-0.4638681372975358,-0.6286539348440655,1.2302664840084894
7508894966389577535,0.5727432123677614,1.1632985075869888,0.5559985717103643
4039986325520899412,1.1762649808521053,-1.3513418344955572,-0.07986671050296068
2685176062700027172,0.37458370520997314,0.5500128800565793,0.5405920309886326
124814586733183346,1.3668326126216623,-0.7203186883992341,-0.31942279899945103
2436477410241127680,0.6161645081569497,2.3448677511136777,-0.00835354614188844
6043672698109830699,-1.29301222864148,-1.5665681584366045,-1.279998535892289
2411518387204306461,-0.20181338786198202,-0.6028635043345559,-0.14666394406046918
5709410851216468696,-0.13605854810220663,1.153898305854894,0.5225677573454467
4219993421544082854,0.47174534900097553,0.028519706733908808,0.6604732622601154
6524139069570898301,-1.0563009898376792,1.5516573100026227,-0.2955011591535141
1170012029866182259,-2.7598036765367704,-1.0511717655298598,-2.5343835578875495
3693588601654932000,2.4475490331461427,1.4270203828304135,0.38602989493254075
4141518532684814369,-1.31595968408044,-0.6967268606648253,-0.1364308673112033
693595384747339667,-0.8291109027051473,-1.213541802667711,-1.7914405812350476
6273119000517816799,-0.5162467904783831,-0.8419417261890151,-0.746372566422508
7042261654514411971,0.8416476120295465,0.40640604820975595,-0.12351857639360247
